{"cameraMode":{"drawMode":0,"name":"Shaded","section":"Shading Mode"},"sceneLighting":true,"audioPlay":false,"sceneViewState":{"m_AlwaysRefresh":false,"showFog":true,"showSkybox":true,"showFlares":true,"showImageEffects":true,"showParticleSystems":true,"showVisualEffectGraphs":true,"m_FxEnabled":true},"in2DMode":false,"pivot":{"x":49.54261016845703,"y":65.77516174316406,"z":-58.39305877685547},"rotation":{"x":-0.12849020957946778,"y":0.04818743094801903,"z":-0.006262048147618771,"w":-0.9905271530151367},"size":54.644901275634769,"orthographic":false}